university_name,teaching,research,income,1,2,3,Cluster
California Institute of Technology,95.6,97.6,97.8,59.869773345885775,122.154206874137,92.09040635219549,1
University of Oxford,86.5,98.9,73.1,41.43944923932772,107.10538025361603,84.66589707371953,1
Stanford University,92.5,96.2,63.3,40.87441096005064,105.75964424612327,87.48507246996739,1
University of Cambridge,88.2,96.7,55.0,37.62896220509293,101.55239164343917,86.71281366224713,1
Massachusetts Institute of Technology,89.4,88.6,95.4,50.931372455950694,111.66338801443125,81.05746279921313,1
Princeton University,85.1,91.9,52.1,32.33770601584552,95.44473095622341,82.06220978895105,1
Imperial College London,83.3,88.5,53.7,28.527703745125745,92.03782203203141,78.01551256879455,1
ETH Zurich – Swiss Federal Institute of Technology Zurich,77.0,95.0,80.0,37.47453916713239,101.76184532049508,75.85381052881993,1
University of Chicago,85.7,88.9,36.6,36.52955728815306,92.13520235751217,86.31617749685186,1
Johns Hopkins University,77.6,90.4,100.0,50.38244460467513,109.15492283963368,76.10464322162127,1
Yale University,86.5,87.8,43.3,33.253743356721834,92.14829348442755,83.19444769512967,1
"University of California, Berkeley",80.4,91.1,47.9,29.566117476875586,91.28732605392217,80.0134968792967,1
University College London,78.1,91.0,40.5,31.26604650578948,89.13455377042551,81.60963619506128,1
"University of California, Los Angeles",80.8,88.6,47.9,28.064924754069597,89.58583169204515,78.45202672759982,1
University of Pennsylvania,82.0,86.9,47.9,27.786615942715564,89.04079397721135,77.99145618853886,1
Cornell University,77.9,86.1,33.7,32.45391173639561,85.01670525008232,81.44695738969261,1
Duke University,76.0,78.0,100.0,46.145097263431914,100.71435489884492,66.18411341128936,1
University of Michigan,76.8,85.2,56.3,21.40256715839625,86.0984079721574,70.81313893491931,1
Carnegie Mellon University,67.4,88.8,57.5,19.918629688824094,84.0724979715074,68.07497322180537,1
University of Edinburgh,68.6,77.2,36.1,22.9639319395936,72.26569122927097,69.48540092791059,1
Northwestern University,69.8,78.4,81.2,27.051381302389228,86.80750440573685,58.33645180141788,1
National University of Singapore,71.7,84.5,49.8,19.026193143873385,81.21383692654541,69.52395681879815,1
King’s College London,64.5,75.8,40.1,17.95808712023231,68.86433058035362,64.251565606242,1
Karolinska Institute,60.6,81.1,75.8,22.275006286554618,81.62724873277267,55.27392039149943,1
LMU Munich,70.5,77.4,100.0,44.6950227843387,97.69706886901199,62.3769168597431,1
New York University,74.7,72.3,30.4,29.342339596866736,72.63180386210392,73.31661916520825,1
École Polytechnique Fédérale de Lausanne,61.3,67.5,65.4,8.903897968976931,67.04744493591141,45.72303554172141,1
University of Washington,67.1,70.0,43.1,14.559156486423488,66.09469217700114,60.17416433340466,1
University of Melbourne,62.0,75.5,64.6,9.792202528913107,73.02509374782423,52.59992727675476,1
University of British Columbia,60.2,73.2,42.6,14.770105806932262,64.53223140050319,59.06460475365151,1
KU Leuven,59.9,76.9,100.0,43.881921260352584,92.94422024828806,56.37063703640633,1
University of Illinois at Urbana-Champaign,64.5,81.2,52.8,12.491491137937833,75.1834082257121,62.09431101663823,1
Heidelberg University,68.8,69.6,68.2,13.202642178281392,73.9842256272568,51.543741739253385,1
McGill University,66.1,72.1,40.3,17.137431771320024,66.85079892475869,62.536830462813676,1
"University of California, San Diego",56.9,69.8,56.7,5.263731463654741,63.10863006493953,47.97607406669726,1
"University of California, Santa Barbara",52.6,66.0,90.4,35.12830700814971,76.8713827624994,40.60617332971498,1
Georgia Institute of Technology,57.8,72.7,73.7,17.737255774652564,73.09694125715536,46.68826461996199,1
"University of California, Davis",60.1,72.7,57.3,3.7593900435818246,67.24581454104616,51.57497291323933,1
University of Hong Kong,64.6,72.8,53.7,5.075858429959096,68.73731522915851,55.48102292744288,1
University of Texas at Austin,59.3,69.7,63.1,6.929038008024635,66.63355396089656,46.88340203693548,1
Tsinghua University,73.3,83.0,100.0,46.59350750062317,102.40573234801468,68.08393769269016,1
Wageningen University and Research Center,52.6,66.9,100.0,44.33759862750802,84.47299902774712,45.460231475611636,1
University of Wisconsin-Madison,65.1,68.2,48.5,8.90557570065085,64.30243279913338,55.02791461210323,1
Australian National University,54.7,77.3,48.0,13.864781647263234,66.11006007692207,56.890508040229726,1
Technical University of Munich,61.0,66.0,99.2,42.57883264491171,86.48720225839979,48.56247272253856,1
École Normale Supérieure,70.6,47.7,37.1,30.63273509308162,53.51351375573609,56.08591803092588,1
Nanyang Technological University,48.4,61.3,99.9,46.00745488576879,80.06183561477168,39.62813041124024,3
University of Manchester,58.4,66.0,42.0,15.677483708411003,57.54376632941438,53.92791053531624,1
University of Sydney,54.3,68.1,72.4,17.54143807230073,67.536301417728,41.06962626286903,1
University of Amsterdam,52.2,64.7,62.8,12.620904498777108,59.261806142792075,39.35564783085848,1
The University of Queensland,49.2,62.8,76.7,24.70969765250268,64.31358505682468,33.74822543320257,1
Utrecht University,48.1,64.3,89.1,35.63283312665881,73.39486696197287,36.803490895735486,1
University of North Carolina at Chapel Hill,58.0,54.5,39.4,23.400453121058707,48.16859059903374,49.446962771212384,1
Boston University,57.8,49.5,30.3,33.534181468358426,44.69277079487199,54.80406291948479,1
Delft University of Technology,55.0,73.8,100.0,44.001126781914316,89.30686653833294,51.77715477821567,1
University of Minnesota,53.5,61.0,98.5,43.458844971661044,80.43616331079305,40.8239832546893,3
Leiden University,50.5,63.1,49.8,15.066003427681622,52.40081433069093,43.78222683414955,1
University of Southern California,49.3,58.9,38.0,25.15551392775868,46.308909359963195,49.12150748570359,1
University of Bristol,47.6,51.6,40.0,28.595650128487478,39.440476635309544,43.41867469744844,1
Durham University,47.9,51.9,34.4,31.90229627277142,39.64852365460319,48.43721688071596,1
Erasmus University Rotterdam,37.2,55.2,54.6,28.89639784956777,42.18853087500603,31.55589012168314,1
Free University of Berlin,57.9,72.2,35.1,22.256183686673726,62.09078444873857,62.11431499499663,1
Monash University,48.1,58.5,79.7,29.080801459034507,63.12656396131725,29.6058361595324,1
University of Groningen,43.3,56.9,92.4,42.24918479579722,70.31141747959309,30.356681757031193,3
Pennsylvania State University,50.4,61.9,56.2,14.066143287829759,53.46494218994578,39.24787393960528,1
University of Glasgow,41.6,48.3,31.6,38.86777091510934,33.46533288214395,48.230379790180685,2
University of Helsinki,48.4,60.4,31.6,30.1393131013743,47.27003261629068,54.7803233926322,1
University of Tübingen,47.0,59.8,59.2,18.20927544673217,51.54079291175616,34.7431247859236,1
University of Pittsburgh,50.6,50.3,39.3,28.492672936917366,40.14499469335872,44.525923966555055,1
University of Warwick,47.4,53.1,37.7,29.229365107441502,40.38588969069874,45.95378331945845,1
Uppsala University,44.1,61.0,39.5,26.43750305374259,45.82543848786406,47.72280433109091,1
University of Copenhagen,49.8,42.7,45.0,31.861348741386703,35.1192845305588,36.823338733007525,1
University of New South Wales,40.7,53.9,50.0,27.44010566747057,40.40401045030382,34.64036365231075,1
University of Freiburg,47.4,51.1,100.0,49.26583411544095,75.01496460819745,32.71400732783771,3
University of St Andrews,49.7,47.3,30.6,36.581803054313774,37.47031589523598,50.81048136149224,1
Vanderbilt University,47.8,44.2,63.2,29.870675090584292,43.355014307418536,22.54927069284388,3
Maastricht University,37.5,47.7,95.4,50.777130574732155,67.1672001680655,24.272535490745973,3
Emory University,48.3,37.1,48.9,36.19843571812933,31.938189512825392,31.616189849996125,3
Ohio State University,51.6,46.6,53.1,25.572189365040085,41.68606779851572,32.607164309928926,1
University of Exeter,39.4,40.0,31.9,44.870813241679286,25.29485523765458,45.62372248319495,2
Georgetown University,54.4,39.3,80.7,39.36752531775858,57.190865781559296,22.117664665615848,3
McMaster University,39.8,44.8,88.0,45.70452906830138,59.91216434528664,17.63058730669943,3
University of Sheffield,42.4,48.8,43.4,31.657205753988848,34.89632509180164,37.85082583229265,1
Queen Mary University of London,34.1,41.3,36.8,44.58207405171717,23.64037634644578,40.6810372773892,2
University of Göttingen,49.3,54.5,31.8,31.90162403247552,42.741510385583126,52.15370568029228,1
Michigan State University,47.3,52.6,32.2,33.381053012851005,40.0216960470862,50.46841969545829,1
University of Basel,39.5,33.1,99.9,60.86019136527471,67.15456339858511,24.033903088513146,3
École Polytechnique,53.5,44.6,82.3,36.75052825134349,60.03473389749866,23.765888593339035,3
Rice University,37.9,35.1,41.7,44.79044650187282,21.044427988357135,35.221366325231934,2
Dartmouth College,50.7,35.8,40.8,39.10445389855997,30.73700129326948,39.7558108666901,2
University of Zurich,49.5,31.5,44.0,42.132509000825024,28.37928928758191,36.26748132103659,2
Aarhus University,36.9,50.7,68.3,33.57963383779677,46.64602474563962,19.94899555351005,3
"University of California, Irvine",39.9,41.8,48.9,36.47386093590959,29.839576065763726,29.765935935435987,3
University of Mannheim,34.5,47.7,85.3,45.357933927002115,57.8202416331819,17.236775324693582,3
University of Notre Dame,47.6,48.1,33.7,34.74434167688348,36.44860098082935,47.61214886864754,1
University of Western Australia,33.4,46.1,64.5,37.92913654490373,40.08085632037123,17.939568760080792,3
RWTH Aachen University,49.4,56.3,98.1,45.23463995716116,76.39292546085835,35.50661463520884,3
University of Southampton,39.8,43.6,37.5,39.34221806067264,28.29997056487045,41.006693869568146,2
Scuola Normale Superiore di Pisa,54.2,53.1,52.0,18.931799003258572,47.33163188299743,37.91094508090369,1
University of Montreal,46.3,45.5,92.6,45.984359588373046,66.02881688141063,24.008815847700216,3
Pierre and Marie Curie University,52.8,32.7,37.4,42.71854653799751,30.684736186371815,43.621276424782586,2
Pohang University of Science and Technology,49.1,47.1,100.0,50.43612566936451,73.9481751463605,31.461955530707083,3
"University of Maryland, College Park",45.0,42.1,32.3,40.622684938000724,30.30375143553272,46.64943786610498,2
Ghent University,42.1,54.5,88.3,40.28894435941663,65.41922337481535,26.024900780425718,3
University of Birmingham,39.4,41.8,34.7,42.17278288078011,26.523800805808524,43.22123510885245,2
University of Bern,40.0,42.5,82.9,43.669361501878086,54.56003202579975,13.16421557640688,3
University of Cape Town,34.9,38.7,92.7,54.65556113422837,60.92116385762345,17.18411997017951,3
University of Erlangen-Nuremberg,51.7,39.7,99.4,53.093024763710964,71.88863509164753,29.88470898304642,3
"Rutgers, the State University of New Jersey",43.9,55.7,35.9,31.02996610749537,40.81327608649795,47.781134289218485,1
University of Münster,40.3,44.1,58.2,33.61359272540532,36.63317293947604,22.562593951409582,3
Radboud University Nijmegen,34.3,48.5,39.2,39.12239523189377,30.6612348972693,40.53956249514372,2
University of Colorado Boulder,39.7,37.6,35.7,44.41767125282321,23.25566286606459,41.60879511595314,2
Tufts University,45.2,33.3,60.7,40.253337827699056,34.87941744529231,19.652220152626413,3
"Royal Holloway, University of London",35.1,33.2,34.4,50.57828241502471,17.019799951315235,42.21758868012631,2
Lancaster University,34.0,41.4,33.6,46.10536258704527,23.76682671122191,43.83456755213684,2
University of Geneva,34.9,40.5,72.4,42.817673150017285,43.39416096397539,8.812742115480507,3
Case Western Reserve University,46.1,33.2,34.1,45.79724173844074,25.09474782022264,44.279823779734365,2
University of Leeds,43.7,39.0,36.7,40.993280395647375,26.958078419876156,41.595640546610746,2
Stockholm University,34.1,51.2,31.1,42.25718020123943,33.31872437236446,49.05489571861639,2
University of Alberta,46.4,48.1,47.4,28.259477591433743,37.52649833867101,35.31773315836979,1
Chinese University of Hong Kong,41.5,48.5,37.5,35.269318404651614,33.38160736155331,42.83367723036911,2
Karlsruhe Institute of Technology,37.7,47.5,99.5,53.951004113223746,70.7901557738458,27.493272872169968,3
University of Sussex,33.4,37.2,30.6,50.62094310628419,20.236727226612715,46.197065578220474,2
University of Massachusetts,40.2,36.3,52.2,40.1485854933177,27.952555205553974,25.490734291210057,3
University of Vienna,40.8,50.5,30.2,39.08789602817501,35.20907942766289,50.14818981890051,2
University of Nottingham,40.3,39.0,39.8,41.26242494443295,25.06012770596352,37.89036496165342,2
"University of California, Santa Cruz",31.1,34.2,36.1,51.43548422632149,15.913541799518168,40.59358434852268,2
Autonomous University of Barcelona,40.3,40.0,34.9,42.81236592563396,25.539345391618067,42.81989475181977,2
University of Virginia,38.8,37.5,37.9,43.9616056637599,22.728700948207457,39.30883956616379,2
Korea Advanced Institute of Science and Technology (KAIST),43.3,40.5,100.0,55.40252594394649,70.02053453844421,26.45167462110167,3
University of Adelaide,32.8,43.2,79.3,45.44733482191718,50.213318037464,10.732431703049942,3
University of East Anglia,31.9,28.7,28.5,58.20996479514129,13.537807165912142,48.30139996323888,2
University of Twente,34.1,45.6,91.2,50.470210720050396,61.97839505529853,19.395800840920003,3
Sungkyunkwan University (SKKU),51.4,53.5,97.5,45.080186939093764,75.25718866051034,34.33366096771242,3
VU University Amsterdam,28.4,37.1,60.1,46.974985668545166,30.272998614006575,17.81992999636765,3
KTH Royal Institute of Technology,39.0,44.3,78.1,40.378213456436114,51.035701436857124,12.72972525530092,3
University of Cologne,42.2,38.0,68.5,39.16425099077548,41.33165061450538,12.85114411542587,3
University of Liverpool,32.8,30.9,36.6,52.60195150996214,13.794726812035355,40.047557578938616,2
TU Dresden,41.4,45.8,99.7,53.278006959232044,71.06739037700888,27.601576335176222,3
University of Rochester,39.7,27.9,37.0,51.32842869027879,16.854577879940972,40.35588875154768,2
Trinity College Dublin,41.9,30.8,28.0,52.38705580493544,21.64338198030021,49.329652053730385,2
Lomonosov Moscow State University,75.4,66.7,95.7,41.203954968741165,91.39243689718928,57.04680581087427,1
University of Miami,41.7,22.3,35.5,55.7561515456952,16.76617985600737,43.18136490948162,2
University of Arizona,38.7,41.8,32.4,43.7926522032379,26.346160471297736,45.37069107671983,2
Pompeu Fabra University,32.9,28.0,37.2,54.49849120498901,11.624565086905953,39.695541981733776,2
University of Reading,39.3,37.3,34.2,45.56162913729447,22.823184170530094,42.99735195853124,2
"University of California, Riverside",27.5,33.3,42.5,52.18099641626018,15.605560064051007,34.6437324976934,2
University of Leicester,32.1,27.8,31.7,57.27084143401442,11.580271712999323,45.20069461816188,2
National Taiwan University,54.1,58.0,49.6,15.8463937292582,50.16076292672728,42.18293556906146,1
Technical University of Denmark,37.3,29.9,50.0,47.3272368816222,21.4493271017492,27.002487839454478,2
Université Catholique de Louvain,38.7,40.6,51.0,37.744285471961696,29.39395397958108,27.212302117919467,3
University of Aberdeen,29.7,31.4,43.1,51.96100369571442,14.763759358062886,33.75399424212879,2
University of Auckland,31.4,39.5,78.0,47.977188369695334,47.20404653402299,7.159602298692717,3
University of Barcelona,38.5,37.4,31.1,47.50042106604518,22.839047586453653,45.97501392142736,2
University of Konstanz,38.5,46.7,92.4,48.498728106596936,64.28456601696575,21.57101230221046,3
Eindhoven University of Technology,34.3,41.0,57.3,39.92668433433357,31.837259131641154,20.952382907914984,3
Hebrew University of Jerusalem,45.8,41.4,31.9,41.013709156829336,30.369781578368872,47.096791365519714,2
University of Waterloo,35.4,43.9,39.5,40.930003447037244,26.782259097182255,38.74190736859664,2
Scuola Superiore Sant’Anna,42.5,23.2,71.2,52.40968135990498,39.652176848747274,14.161954035813073,3
University of Bergen,32.5,31.5,36.2,52.48720212579212,14.120847494840149,40.42991715761654,2
Cardiff University,30.9,31.6,34.6,53.97417277506709,13.491409129417116,42.09939624667674,2
University of Utah,35.6,35.3,57.4,43.38199617137316,28.8088298244284,19.445271192300456,3
Brandeis University,28.3,25.7,38.6,58.34528610856358,7.566172510005664,39.02599866425083,2
University of Dundee,25.6,26.9,49.5,56.68047517895233,15.671185947951344,28.88036077352178,2
University of Würzburg,34.6,35.8,47.9,44.5052048019514,22.466184479872066,28.858159791589685,2
Arizona State University,32.4,38.1,32.0,49.9211860909644,20.358812341476092,44.916453075986446,2
University of Antwerp,31.6,40.8,60.3,42.13564443048275,33.18894820102743,18.24273923250216,3
Boston College,34.1,29.3,46.8,50.108796106419504,17.305052143782437,30.00526091959908,2
Ulm University,35.2,23.9,58.4,53.08054349606014,25.1851664174928,20.332861048282822,3
University of Luxembourg,25.0,26.7,38.1,59.75097016104867,7.64693675041453,39.92678829550355,2
Texas A&M University,49.4,52.4,46.4,23.80006837098662,42.275683547905174,39.266877681491565,1
Charité - Universitätsmedizin Berlin,37.3,22.2,68.4,54.76495890935332,34.95567157126544,13.923209289790067,3
Newcastle University,30.9,27.5,34.7,56.89607945081344,9.94167610195197,42.320537627438526,2
"St George’s, University of London",25.6,18.1,37.7,65.97603162088139,2.4155126772385715,42.3653035172944,2
University of Trento,30.8,27.4,47.1,53.45843111122208,14.978133656056317,30.12519890024206,2
Paris Diderot University – Paris 7,30.5,22.9,29.0,62.889460311876256,9.250869709534859,48.721766159161675,2
Queen’s University Belfast,34.1,33.3,35.7,50.49247112199804,16.487482969097922,40.896103879010866,2
Hong Kong Polytechnic University,29.3,35.2,45.1,48.984323791956164,18.798775890950296,31.876446335834984,2
University of Illinois at Chicago,40.9,29.2,38.0,49.36443040695797,18.644228747697383,39.43608116519736,2
University of Iowa,41.0,26.7,54.1,47.90653678269627,25.30836321263089,24.448712332249166,3
Johannes Gutenberg University of Mainz,34.9,21.7,70.7,56.83863442146876,36.36694165150054,12.672421846111947,3
Medical University of Vienna,26.6,14.6,33.9,69.37550695531536,5.3576888393250846,46.959934631885886,2
Northeastern University,35.5,20.6,32.9,60.67983032837604,10.761841053529015,45.413670415756926,2
Oregon Health and Science University,27.8,15.7,44.6,65.0687273470138,9.97389544675446,36.76580609299943,2
University of Otago,30.7,30.5,31.5,56.193769765764365,13.069848538148404,45.24833593708657,2
University of Ottawa,37.1,36.7,41.5,44.089520121953235,21.760243697334953,35.47022613562646,2
Paris Descartes University,24.6,28.8,29.0,62.0263129278816,11.548641121374862,48.61229818374224,2
Peter the Great St Petersburg Polytechnic University,30.8,17.8,42.5,62.21281781310641,8.948148390229054,37.37377047998042,2
Polytechnic University of Milan,30.1,31.7,66.3,50.54081496528528,33.30577708092075,10.94565944249135,3
Royal Veterinary College,26.0,27.8,45.5,56.40796749247674,12.890414206571375,32.413383973769186,2
Rush University,37.7,17.4,45.4,58.75729743148156,15.948343448736567,35.042916247788455,2
Sapienza University of Rome,38.0,37.3,32.6,47.03010572840638,22.21113432084655,44.42944028833471,2
Stony Brook University,32.6,22.0,33.4,60.714126710136256,8.187576619220751,44.54528093102106,2
University of Stuttgart,40.0,44.5,99.8,54.50489975990355,70.378001071551,26.734780673647602,3
Technical University of Darmstadt,37.1,43.2,99.1,55.811575225596656,68.722890541652,25.01411115605151,3
University of Technology Sydney,27.0,35.1,42.3,51.34290698662408,17.086877074543697,35.001752039236294,2
University of Texas at Dallas,24.3,26.7,41.8,59.144579859466354,9.510922679311863,36.545855232913496,2
Tilburg University,34.1,47.1,57.4,35.96901446316801,36.2583046867729,23.907683126619588,3
Tohoku University,45.3,42.7,74.7,36.447784093234155,49.64728584819308,15.375508949163802,3
Tokyo Institute of Technology,45.6,47.6,70.9,30.937979178809627,49.4702591371901,19.82030144876434,3
University of Victoria,20.6,30.0,36.6,60.84923400142373,11.551408718171203,42.16188881013757,2
Wake Forest University,34.6,19.5,42.5,58.9349498574878,11.59925950877989,36.62410835068683,2
University of Western Ontario,38.6,32.4,59.7,44.125642098537405,30.377759109296534,17.6081603946253,3
William & Mary,38.5,17.5,29.1,63.564713265584125,15.001054115322178,50.145504372567075,2
University of the Witwatersrand,26.2,31.5,99.7,67.71799872153032,65.10740436542761,24.316560000555878,3
Aalto University,31.1,32.8,61.6,48.39196141057349,29.715820712866062,15.205965492428467,3
Aix-Marseille University,36.7,22.1,33.1,58.86633420433455,12.111190726354723,44.903831989014726,2
University of Bath,28.9,27.9,36.3,57.13630712439363,9.26545835822047,40.870567802305466,2
Bayreuth University,32.2,31.2,56.4,48.702953835419095,24.79963297129606,20.309975141802326,3
Bielefeld University,35.2,46.2,60.9,35.93159500389426,38.08476545304644,20.660498575100753,3
University of Bordeaux,25.3,22.0,30.6,65.64964879566195,5.736910090923172,47.985035258704805,2
Charles Darwin University,17.8,22.6,43.2,66.03824285611995,10.970582293245602,38.3554175211741,2
Colorado School of Mines,28.5,30.3,83.7,58.32092353464166,49.29853156346965,9.139206216112637,3
Colorado State University,31.6,33.0,41.0,50.22397427337899,15.907642111962314,35.650226448315614,2
University of Delaware,23.7,34.0,98.7,67.10230187642033,64.65124023471678,24.270609750643704,3
Flinders University,21.4,25.7,41.7,61.77276372966476,9.44702733273932,37.662815652221475,2
University of Georgia,41.1,30.5,30.9,51.402906499849905,19.9794894989637,46.35461758813362,2
University of Iceland,16.2,16.2,28.0,76.10665234768949,12.282814091515021,54.246589050316864,2
Indian Institute of Science,42.7,47.2,52.4,29.99194673443971,36.821706028200744,29.548364269471314,3
Iowa State University,31.2,29.4,54.0,50.81329279177996,21.66567257577219,22.983568556557127,2
James Cook University,19.0,22.8,40.7,65.66174732439393,8.61841353853771,40.04612037298111,2
Justus Liebig University Giessen,32.9,33.9,46.4,47.31022841093629,19.56397244255923,30.218603196533028,2
King Abdulaziz University,23.9,11.8,73.1,71.20547478955397,38.16411088461983,23.45788301287683,3
Koç University,21.2,27.1,82.4,64.33895184367832,47.46420649368424,14.890296911495199,3
University of Liège,29.1,36.6,98.9,62.888667176868346,65.57951492971702,23.074314272574235,3
Linköping University,24.2,18.9,42.1,65.01371589490665,6.468397914427513,38.38578413415518,2
Nanjing University,37.2,32.2,58.6,44.99691423429185,28.81884029926874,18.350157368420955,3
National Tsing Hua University,37.7,36.6,49.5,41.714957896358506,25.319244576770963,27.64820229708665,2
"National University of Ireland, Galway",27.3,25.4,41.9,58.225079484442624,8.841996272058529,36.045115473804294,2
University of Newcastle,27.4,26.5,64.4,55.88751181932512,29.612587568794822,15.098404915797229,3
North Carolina State University,36.1,30.5,40.7,49.663484454864594,16.32174630205365,36.05151121147346,2
Oregon State University,30.6,28.5,32.1,57.397213538058764,11.168790488727065,44.80692383542926,2
Osaka University,46.8,45.2,76.1,34.698592055128366,52.54639342692952,18.049460274106735,3
Queen’s University,35.8,35.8,54.2,42.93830683926271,26.86667145046506,22.68707531959385,3
Queensland University of Technology,28.8,35.6,73.7,50.54261712683569,41.42813828383844,6.2779963689682665,3
Rensselaer Polytechnic Institute,30.4,31.5,79.6,54.59217474712164,45.798808915463034,4.627716167538582,3
Royal College of Surgeons in Ireland,29.9,20.1,33.9,63.35969606768121,5.103484710935787,44.711536930696866,2
Ruhr University Bochum,32.8,30.0,66.6,50.26011737990623,33.50719020614821,10.42398842598524,3
Saint Louis University,36.9,10.9,29.9,69.32756541775281,15.622909453251644,51.69555372994674,2
University of São Paulo,59.1,57.1,30.5,29.26836363525169,50.95681849435415,57.96846698278901,1
Simon Fraser University,23.2,29.2,42.3,57.96214386936975,11.938129345216975,36.03238740511761,2
University of Surrey,31.7,28.9,34.9,55.34513399453719,11.52402176161937,41.9229988312068,2
Syracuse University,31.4,20.8,36.3,61.21283432246002,6.391751545444101,42.11430540671727,2
University of Tasmania,21.8,25.7,42.7,61.27192502796294,9.966074965193098,36.60694097159258,2
Tomsk Polytechnic University,31.6,15.1,60.2,62.57271433911784,25.666913930674838,24.246787826230886,3
Tulane University,39.1,19.3,32.4,60.46715230168927,14.31069920550047,46.542299135078665,2
Umeå University,20.8,25.0,31.1,66.02530001761025,8.463569529826497,47.91758257560845,2
Vienna University of Technology,34.1,32.0,86.5,55.529559057878664,53.05827187455707,9.95557434962959,3
Virginia Polytechnic Institute and State University,34.9,38.2,43.3,43.71207411160372,22.449509364898606,33.74159727334975,2
University of Wollongong,25.8,28.4,57.9,54.957762546360925,23.924081326267597,20.753963866850942,3
Zhejiang University,44.3,46.0,96.2,49.28437032242674,68.76106904363701,25.902399028773743,3
Aberystwyth University,21.6,18.9,31.3,69.74851988069693,5.72120069490101,48.89784341114263,2
University of Alaska Fairbanks,25.1,23.1,51.2,59.72038764313884,15.900178753708499,28.509810811067293,2
Autonomous University of Madrid,35.6,30.9,33.0,52.6185958379508,15.731506596143275,43.67838750120098,2
Bangor University,22.6,22.1,31.0,66.97689586540153,6.012320025762983,48.126217324492984,2
University of Bremen,30.9,32.7,46.0,49.54671035977753,17.72623606645371,30.71453476476866,2
University of Cincinnati,31.3,20.4,35.3,61.92211490820224,6.208420718563383,43.19092473135432,2
University of Connecticut,35.9,25.6,30.9,57.40616126209085,13.274937852893123,46.31751586004813,2
Deakin University,22.4,21.9,30.0,67.6268072711743,6.830196324834326,49.16414887603638,2
University of Essex,33.9,33.3,28.9,53.794105481772995,17.74661640430629,47.69391041066589,2
George Mason University,29.6,21.2,29.1,64.56771920160547,8.159717124090925,49.06623091482115,2
University of Greifswald,30.1,23.5,32.6,61.13733603023013,7.107613033386257,45.113327027008445,2
Gwangju Institute of Science and Technology,35.2,42.0,45.2,40.28223772521065,26.445342774964253,32.7344463699864,2
University of Hohenheim,30.9,33.8,52.8,47.690899856916445,23.03358752963492,23.967985929566282,2
University of Innsbruck,23.6,16.9,39.9,67.44591855080952,5.129827369836865,41.25001613334675,2
Kazan Federal University,21.9,12.3,42.4,71.4892552479701,10.302823061295454,41.58489551153244,2
University of Kent,24.6,19.1,28.8,68.87640406987119,6.9612204664691575,50.545868218523346,2
Leibniz University of Hanover,36.5,36.9,69.6,43.49203917191178,39.7550389296416,8.568701524512672,3
Macquarie University,28.5,27.2,33.1,59.08942682830298,8.846156669350075,44.15748224716592,2
Medical College of Wisconsin,25.4,12.1,31.8,72.67406028010384,8.321373507387817,50.04795975307895,2
University of Milan,30.5,24.2,40.9,57.581174772650975,8.817491878780618,36.85882548571715,2
University of Milan-Bicocca,24.3,25.5,46.6,59.00522645020135,12.481112251412599,32.26211368074813,2
Montpellier University,38.7,16.7,31.9,62.99066675180642,14.312537112193583,47.7874683081,2
Nagoya University,40.8,38.9,91.4,50.954754335620144,61.00964720371076,17.523708212587096,3
National Chiao Tung University,32.9,45.4,96.9,55.2307525346883,66.90137115319583,23.885566257592032,3
National Research Nuclear University MePhI,43.9,24.1,28.1,56.80124299934699,20.744460711521295,50.32966043885309,2
National Taiwan University of Science and Technology (Taiwan Tech),31.7,43.1,92.2,53.700457708273746,61.576220926143094,18.77490389287144,3
University of Navarra,31.9,20.8,63.5,57.80771513528652,28.604768455923175,17.87796433543673,3
University of Nebraska-Lincoln,30.1,30.2,35.6,55.034873951424466,11.83818971304037,41.229486678130094,2
Örebro University,18.3,10.4,29.8,78.46172116515528,12.810212297254767,54.11944315398729,2
University of Oregon,21.2,22.7,30.8,67.47110404439563,7.129639035459729,48.525872990806505,2
University of Padua,25.7,22.6,32.6,64.21087811984405,4.482415857687759,45.86308183545683,2
University of Pavia,25.0,22.5,69.4,61.30168732523984,33.81110613504233,15.28370887341474,3
Plymouth University,19.3,18.0,28.5,72.79670571459516,9.429271153453628,52.33634790929576,2
Shanghai Jiao Tong University,37.8,45.2,92.9,49.92533704002433,63.96654474639885,20.87490557710923,3
University of Southern Denmark,19.2,14.7,28.0,75.41821710522669,10.85907201761013,53.84432479363862,2
Stellenbosch University,28.2,35.0,100.0,64.94076542126513,66.19849716028473,24.13019580359623,3
University of Strasbourg,25.5,23.4,32.8,63.666872106781156,4.941849955338561,45.533779661484566,2
Technical University of Dortmund,34.2,29.8,48.6,49.32060715976858,18.82743272093735,28.162185992750224,2
Technion Israel Institute of Technology,30.8,33.3,28.8,55.53566097568125,16.488769831425557,47.87793485329313,2
Toulouse 1 Capitole University,18.6,35.7,32.5,60.30188813208888,17.843589208813174,46.67497046639026,2
University of Trieste,26.5,18.5,32.3,66.94868382957077,3.7897185187247513,47.102964221042114,2
University of Turin,27.4,22.3,54.2,58.75238217374802,18.82351799475934,25.527972629194903,2
University of Turku,27.1,21.2,31.2,65.00885390305645,5.226109725352289,47.3172873572991,2
Vrije Universiteit Brussel,28.7,24.5,77.1,59.713662148914665,41.828546061230284,9.718271140708858,3
VŠB - Technical University of Ostrava,18.8,15.7,32.1,73.44644882378645,8.236161703946674,49.93988661827147,2
York University,30.2,30.8,33.2,55.52465968177464,12.68053561744072,43.576014230153625,2
"Binghamton University, State University of New York",22.7,17.4,34.0,69.28797772249726,3.644408050823695,46.610334824830936,2
University of Crete,18.6,19.2,34.5,70.24237900783618,6.7002264758165415,46.737310591985676,2
University of Cyprus,18.0,28.5,30.0,66.00448689754519,12.908582275590701,49.34033938128744,2
Drexel University,31.2,14.6,36.3,66.35412482257348,7.738705624441596,44.299083443840345,2
University of Eastern Finland,24.8,20.7,33.3,65.86573145243922,2.766357836928257,45.82572762633287,2
University of Florence,21.7,20.4,35.9,67.03413175934107,3.618488935683041,44.1982199394521,2
University of St Gallen,25.8,11.2,41.8,70.40448970148344,10.247459587118493,41.721673662780944,2
Graz University of Technology,26.0,15.8,77.2,67.95682099336226,41.63794292754495,18.695778328212707,3
University of Guelph,28.0,34.2,47.4,50.07893890582664,19.032610358262893,29.762884814527798,2
Hong Kong Baptist University,22.6,12.1,28.8,75.194046172319,10.413463127817415,53.259424287592616,2
University of Houston,34.9,26.5,42.3,53.01216047359413,13.695370131265621,34.89654627771176,2
Indian Institute of Technology Bombay,37.8,28.6,42.3,49.839762531160126,16.924221522524274,34.80215267769175,2
Instituto Superior Técnico Lisboa,22.2,25.0,38.8,62.523371063646536,7.023306788546024,40.25929634398095,2
University of Jyväskylä,28.2,25.5,34.2,60.06644113687092,6.946957198256894,43.36691751444953,2
La Trobe University,27.0,28.5,43.7,55.64527606580401,12.209279109173286,33.836705599336675,2
Loughborough University,31.2,32.2,36.6,52.57902258419626,14.141588685636767,40.07115127288833,2
University of Manitoba,27.1,26.9,41.8,57.243271832821435,9.813402258496422,35.89816638102684,2
University of Missouri,31.2,21.0,31.1,63.08726793058616,7.75206896826728,47.07272129652826,2
University of Modena and Reggio Emilia,18.7,15.6,32.3,73.5120144364976,8.27440450243811,49.82624900853591,2
University of Montana,30.8,13.6,31.0,69.16693531746672,9.377304878964214,49.57016405394175,2
"National University of Ireland, Maynooth",24.6,22.8,36.6,63.31022777727644,3.5270142754216853,42.215236602105364,2
University of Nebraska Medical Center,37.0,13.3,33.6,65.87865443286864,13.482969655260318,47.34626170742557,2
Norwegian University of Science and Technology,16.3,25.8,51.8,63.60869646920797,19.43523764139919,31.06772139186989,2
University of Oulu,23.1,15.9,30.9,71.26821560603616,6.3349323722173025,49.86180659510134,2
Panthéon-Sorbonne University – Paris 1,53.2,47.6,28.3,37.09093353973689,40.417701025599634,54.14737004558226,1
Polytechnic University of Turin,23.7,18.6,42.5,65.45157596752206,6.981327399795172,38.26476158490361,2
University of Rome III,23.1,21.0,37.5,65.26322513995501,3.1514276710238613,42.18721213873232,2
Sabancı University,22.3,32.3,70.0,56.16306187810525,36.72055656091656,13.133608904380493,3
San Diego State University,20.3,27.0,29.3,65.74408490690831,11.065228155961016,49.48536013851372,2
University of South Australia,26.4,26.7,85.9,62.97816891977518,50.70943708212711,13.303666212930803,3
University of South Carolina,31.1,21.5,30.3,63.08408236024933,8.29246392239105,47.7301432193756,2
University of South Dakota,29.3,12.1,28.0,72.2105681048827,11.42152154860961,53.01449537522973,2
State University of Campinas,44.6,42.3,49.4,33.28681495193496,32.967770466443284,30.800024914033305,3
University of Stirling,22.6,23.5,30.4,66.22825445531973,7.184167703809823,48.405197699572504,2
Sun Yat-sen University,31.9,24.6,79.4,58.749759304350015,44.48595572817849,8.88803073018041,3
Swansea University,22.2,23.8,32.7,65.37829123881268,6.094768020228142,46.25312539471407,2
Swinburne University of Technology,21.5,20.2,32.2,68.54040230724897,5.157792274997078,47.729711779529126,2
University of Tartu,23.8,22.8,31.5,65.58093317902934,5.579966512464469,47.23515853018529,2
Temple University,34.0,18.2,41.6,60.54114503720131,10.664783517578169,37.9356606574854,2
University of Texas at San Antonio,18.1,16.6,28.6,74.46102401818773,10.440482548851557,52.99901936096165,2
UiT The Arctic University of Norway,26.5,18.7,36.8,65.28074220362701,1.8491741626044613,42.83245716226099,2
Université Libre de Bruxelles,26.1,28.3,39.1,57.60687292919574,9.531172462108074,38.51278644671475,2
Lille 2 University – Health and Law,15.1,9.5,31.5,80.40938925877786,14.771235640548161,54.059156019308,2
University College Cork,28.6,23.8,47.1,57.5968540096856,12.651470329329335,31.258443266513005,2
Verona University,23.6,13.1,36.6,71.31790022860919,6.584886265906627,45.719496383051776,2
Victoria University of Wellington,26.0,28.7,45.6,55.7242090238265,13.564620608890284,32.18912712509368,2
Washington State University,29.0,28.2,57.1,53.0403529173418,23.4130917199558,20.569734542514574,3
Wayne State University,31.9,14.2,41.7,64.90031931535255,10.399825390869188,39.601125796304075,2
American University,42.2,16.5,35.9,60.44787958257844,17.26914893423255,44.67926167243545,2
University of Aveiro,24.8,26.5,40.1,59.4266268381035,8.319023649765226,38.08126176570353,2
University of Bari Aldo Moro,28.7,21.6,45.4,59.60598135673787,10.516807904609053,33.52475339597037,2
Bar-Ilan University,22.6,21.3,28.9,68.3758967360841,7.535965092141046,50.29776205795246,2
Bournemouth University,32.0,12.6,28.8,70.29614722518298,11.881386748462928,51.93023505129595,2
University of Brescia,15.6,14.8,35.8,74.9061573643325,10.643628997951598,48.11845854995345,2
Brno University of Technology,18.0,14.7,33.7,74.14002139557236,8.837338267133704,49.13119829412041,2
Brunel University London,24.8,23.3,34.7,63.45851980933173,4.020471200417601,43.86711897649152,2
Ca’ Foscari University of Venice,23.9,27.8,32.3,61.72852244610509,9.133494793063921,45.63111651016583,2
University of Cagliari,19.4,13.2,33.6,74.47566353704352,8.764141234563134,49.36913094496018,2
University of Canterbury,23.5,22.5,52.1,61.11120025520946,16.74086051837269,28.458464494271976,2
Charles University in Prague,31.5,21.5,28.2,63.801086794429956,10.04341221121229,49.75059703235168,2
"China Medical University, Taiwan",24.0,29.4,60.4,55.54187285288287,26.634936262342134,19.16012007717436,3
City University London,23.5,21.2,28.9,67.93037808309202,7.251810899558809,50.13093649598348,2
Claude Bernard University Lyon 1,21.3,13.2,34.5,73.12195046636684,7.444785403154889,48.06464144178433,2
University of Coimbra,28.3,26.5,34.8,59.05299132630048,7.780396730808286,42.60752995397814,2
Complutense University of Madrid,33.2,27.6,30.9,57.206386040906544,12.422169689088106,45.99386651421352,2
Concordia University,19.3,23.4,30.9,68.12673078340632,8.582786925493934,48.813932223797686,2
Curtin University,20.1,20.2,37.8,67.59847258205981,5.541722151090095,42.99157602111307,2
Dublin City University,26.1,25.2,51.7,57.42118643892687,17.005480533068358,27.111555167381322,2
Ewha Womans University,23.9,18.3,57.6,63.99789436676258,21.937961298587993,25.83314798287411,2
Federico Santa María Technical University,17.2,10.1,35.1,77.663082212857,12.296608550156417,50.09541689580324,2
University of Ferrara,17.7,17.2,35.9,71.82161218849939,7.810236037661412,46.421693299352455,2
Florida International University,25.7,18.1,32.7,67.53833361488634,3.349129335493938,46.98010983267552,2
University of Genoa,27.2,14.2,42.3,67.08822101562949,8.638695035782359,39.56322152792962,2
Georgia State University,26.3,19.5,28.7,67.70907647868317,7.117451812082689,50.25678706220862,2
University of Graz,24.9,16.3,29.3,70.60024233895419,7.156880662002094,50.86102249049996,2
Heriot-Watt University,23.4,22.4,45.6,62.0883154636542,10.460609906384912,34.27299089772356,2
Hokkaido University,40.3,32.8,53.7,42.91077182714135,27.022179094816963,23.83846210320232,3
University of Hull,22.4,16.1,31.8,71.18358076218341,5.855084046041327,49.12515891484498,2
University of Idaho,28.3,19.4,32.4,65.2758945636913,4.560832952476581,46.50089980692006,2
Indian Institute of Technology Delhi,35.8,25.8,62.8,51.46894608489808,29.7678884055685,15.637418841944697,3
Indian Institute of Technology Kharagpur,33.2,30.5,31.7,54.741382126452,14.24805282086674,44.95477869256685,2
Indian Institute of Technology Madras,34.6,20.7,88.9,64.66423473964291,54.01359516064138,17.321405550954363,3
University of Ioannina,14.5,17.7,32.9,74.39966641657321,11.185636422558172,50.05016795658979,2
Iran University of Science and Technology,25.9,26.0,61.2,56.87546108596173,26.314058196311294,18.542237506355868,3
Johannes Kepler University of Linz,19.2,13.8,37.4,73.03872137933891,8.384820470016786,45.90792695087954,2
University of Kaiserslautern,29.6,22.6,80.2,61.78040689531258,44.8021491085167,11.595451593967296,3
Keele University,20.0,17.6,29.3,72.36478542859287,8.458447997093842,51.52894240206604,2
University of KwaZulu-Natal,20.3,25.7,38.2,63.43995834412725,8.320438780130514,41.26897293727653,2
Kyushu University,36.5,27.5,83.2,55.92874448155364,49.46397766162044,8.968693362525125,3
Lehigh University,23.9,15.0,38.9,69.02565527243432,5.598744574468406,42.82787230082977,2
University of Macau,18.5,17.0,34.9,71.77483115266631,7.159498546868878,47.10393843604324,2
Makerere University,15.1,10.6,28.0,80.77092254742688,15.472567418484251,56.56961147217184,2
Marche Polytechnic University,15.2,11.0,28.0,80.42078719771264,15.181832393595732,56.38068734128238,2
"University of Maryland, Baltimore County",21.3,18.2,31.7,70.28879755474944,5.729198773643396,48.80843864387814,2
Murdoch University,18.7,19.6,36.5,69.28186102084608,6.530340153433102,44.79121252980606,2
National Autonomous University of Mexico,42.7,40.2,63.7,35.92438345682212,38.99420240435777,17.383081852913023,3
National Cheng Kung University,29.8,40.2,100.0,61.46894897587382,67.70082376973518,24.835475997822385,3
National Institute of Applied Sciences of Lyon (INSA Lyon),27.0,10.6,40.3,70.63018912553909,10.10978415605074,43.08443967504368,2
National Yang-Ming University,41.5,18.5,30.2,61.1932973454267,17.253949151511996,49.19066888217154,2
New University of Lisbon,26.9,21.9,41.3,61.303008055333734,6.330667505607119,37.56160837336389,2
University of Nice Sophia Antipolis,21.4,16.1,28.5,72.96189879759424,8.812908207087458,52.37638690359845,2
Novosibirsk State University,41.4,30.8,38.2,47.76666051623534,19.958456870189156,39.21979821138945,2
The Open University,21.0,13.8,28.4,74.9216064288889,10.145320202276537,53.34050765532037,2
Oxford Brookes University,25.7,18.8,28.4,68.66934042718484,7.374250693377064,50.822483154252986,2
University of Palermo,15.3,9.1,28.0,81.75816455456363,16.252819630400868,57.111655240718584,2
University of Parma,17.7,16.6,37.1,71.92277569798173,8.117220838653598,45.583928063167534,2
University of Pisa,21.6,18.9,31.4,69.71203765651003,5.644144590685695,48.80523402298572,2
Polytechnic University of Catalonia,25.2,14.8,40.9,67.97852248706116,6.942551240950003,40.877753361581114,2
University of Porto,32.0,28.2,38.7,54.318006080710646,11.49693570277445,38.21082134734091,2
University of Portsmouth,17.2,10.9,28.9,79.02142534845972,13.533390196541601,55.01564472343025,2
RMIT University,24.7,17.7,37.0,66.99272304669087,2.202126157502856,43.324475777229395,2
University of Rome II – Tor Vergata,23.5,17.2,34.7,68.75924035343692,2.9786348545036825,45.85554428978547,2
University of Rovira i Virgili,20.8,14.8,30.9,73.37208031755873,7.998859467196005,50.77896817363605,2
Saint Petersburg State University,47.9,31.4,29.5,49.061003349344176,26.42178993832901,49.22226816038873,2
University of Salento,29.6,13.2,36.2,68.2975585762455,7.653600948364542,45.099061104227516,2
University of San Francisco,34.2,12.9,28.6,69.21572355320544,13.221445630899224,51.97538499921073,2
University of Saskatchewan,30.8,22.4,62.9,56.993248397484535,27.90404269868074,17.456941139968734,3
Sharif University of Technology,26.6,30.1,87.8,61.531146008850136,53.171561954104746,13.522394918604704,3
University of Siena,23.7,17.8,33.2,68.69069315964714,3.3551594084772254,46.99165940061692,2
Southern Cross University,18.9,18.3,37.7,69.76431235639052,6.681093412474292,44.064434906100395,2
State University of New York Albany,25.6,35.3,28.0,57.80675327626656,17.654869083303932,49.31378345258831,2
University of Strathclyde,25.9,28.0,44.1,56.621477269659586,11.999880724046225,33.75206739184416,2
University of Tampere,23.5,13.7,40.0,70.00573385470598,7.34386485895197,42.52731559529837,2
Tampere University of Technology,23.1,17.2,67.5,66.22470602576185,31.917486442546494,20.947347959990683,3
Tokyo Medical and Dental University (TMDU),39.3,18.3,59.5,56.22457981119616,27.670456965387984,23.14644636114835,3
Tokyo Metropolitan University,21.6,11.4,30.9,75.51227141320615,10.033403643499403,51.89302866083226,2
University of Tsukuba,40.0,30.0,42.9,47.45319064779953,19.561733330551533,34.40314231827869,2
Ulster University,19.1,13.2,29.2,76.13011532424547,10.884094124579368,53.32570550905447,2
Université du Québec à Montréal,26.8,24.5,29.2,63.601155566572814,8.421647459870593,48.60566398828542,2
Universiti Teknologi Malaysia,26.3,14.6,31.1,70.5011039920808,6.784235796318859,49.562724731931525,2
University of Urbino Carlo Bo,17.2,8.7,31.2,79.90300144553899,14.12132868097481,53.981945348365855,2
University of Valencia,22.7,16.9,31.3,70.59477096923382,5.673600640593481,49.24941565249762,2
University of Waikato,19.3,18.2,30.7,71.82708068356864,7.8365378468762374,50.26363070592997,2
Western Sydney University,20.1,24.6,30.7,66.89006896956224,8.8219254225235,48.554738654596626,2
Amirkabir University of Technology,24.5,25.7,55.7,57.84705635693516,20.942713902368627,23.900151430666213,2
"University of the Andes, Colombia",21.2,13.8,28.0,74.9646237950188,10.359421194101817,53.65541891691382,2
University of Arkansas,25.5,17.4,36.9,66.81261966148239,2.3669647244352325,43.364081158316615,2
Auburn University,30.2,19.4,37.2,62.64816174578699,5.228848376081917,41.76639418064741,2
Babeş-Bolyai University,27.9,12.5,28.6,72.3070352790735,10.308329995972494,52.44309629989331,2
University of the Basque Country,18.2,11.9,30.3,77.22010866461197,11.61733161279267,53.10700010950529,2
Bauman Moscow State Technical University,44.0,23.7,68.1,50.63757475783378,37.685597701820704,16.21746593558134,3
Ben-Gurion University of the Negev,25.1,21.3,28.7,67.04411783587989,7.273232786671544,49.99997979149105,2
Boğaziçi University,21.2,17.2,35.5,69.83016575695893,4.5711610625432835,45.698028743058124,2
University of Canberra,18.4,19.3,36.2,69.77458716108453,6.800110025999175,45.24925595338225,2
Carleton University,19.9,24.0,30.4,67.53698318578593,8.784383032096423,48.99903605893763,2
University of Catania,19.2,15.9,29.5,73.9829620666163,9.33088799229039,52.091927090849715,2
Central Queensland University,20.9,11.4,32.5,75.35974046783402,9.658278887387207,50.66152584922543,2
China Agricultural University,35.8,24.9,52.3,52.08376132944581,20.426233776206168,25.64939638091065,2
Chung-Ang University,29.9,27.6,61.3,53.14780822878662,27.255289626144343,16.595607894010396,3
De Montfort University,16.8,10.1,28.5,79.98461374030963,14.478029353904901,55.80421842445541,2
East China Normal University,24.6,14.7,42.0,68.13966169146639,7.877879381228314,40.09733409307578,2
Edith Cowan University,18.9,16.1,34.5,72.3188355641544,7.21689617375701,47.64111569931418,2
Federal University of Rio de Janeiro,32.4,19.7,42.9,59.73406226118122,10.177904707204892,36.18781431746661,2
University of Granada,24.3,14.7,29.4,72.0908153935173,7.951565493762376,51.41760594749367,2
University of Haifa,25.5,29.5,30.3,60.44237324410169,11.44257310536743,47.12170587250316,2
Harbin Institute of Technology,29.4,27.3,99.8,68.64452874594447,64.69004170941378,24.238091720691088,3
University of Hertfordshire,15.5,9.5,29.3,80.89681663211863,15.288241969550993,55.77594378471277,2
Hiroshima University,27.8,18.9,42.2,62.95641637591336,7.000753973305672,37.57025687125039,2
Huazhong University of Science and Technology,29.3,22.7,71.8,59.19723517237946,36.45216336946839,12.03591452315853,3
Indian Institute of Technology Guwahati,24.3,20.7,32.3,66.51226901228398,3.760705601626547,46.86871239293583,2
Indian Institute of Technology Kanpur,33.1,15.0,28.0,68.2202934264177,11.91919376998208,51.76875700045092,2
Indian Institute of Technology Roorkee,29.7,17.5,81.4,66.13105190111509,45.934692127085604,16.562388713294382,3
Isfahan University of Technology,18.1,23.0,99.5,77.04958113616726,64.26235523060525,29.385902034968773,3
Istanbul Technical University,19.2,25.8,72.1,63.22993039563726,37.40586761810411,16.690522301745826,3
Jadavpur University,32.8,22.2,33.8,60.3064813117013,8.331112562955555,44.10454223564939,2
Kanazawa University,24.7,14.8,30.4,71.42976161814545,7.07723573130529,50.39296299971113,2
Kansas State University,22.9,17.5,43.1,66.65356940708128,7.954700848961204,38.37650971190624,2
Keio University,25.0,17.5,41.4,65.81529833881704,5.994074762891344,39.35467285400568,2
Kent State University,18.4,14.2,28.5,76.05188464514272,11.208694379767337,53.786843165109,2
University of La Laguna,16.9,10.0,28.5,80.0024118703058,14.485278431479642,55.81497457275172,2
Lappeenranta University of Technology,27.1,27.5,80.3,59.61544638124186,45.336001059777985,9.232184920633873,3
University of Limerick,19.8,16.3,34.0,71.79232768690956,6.463054155371689,47.74539940491334,2
University of Lisbon,25.9,18.3,35.4,66.35912064680977,1.3802176057417261,44.36676911125868,2
Liverpool John Moores University,16.4,11.6,28.8,78.99913299207644,13.655958930606532,55.07253918008599,2
Mahidol University,26.8,15.1,71.6,66.62941209157152,36.168004828698685,19.668182085717188,3
Manchester Metropolitan University,22.7,10.6,28.3,76.4802006128968,11.805056527334301,54.285421082574985,2
Masaryk University,21.2,22.9,28.5,68.25299588468422,8.952180689683239,50.66230954841225,2
Massey University,23.1,17.1,35.8,68.71698112859363,3.127497394953109,44.97997061945786,2
Memorial University of Newfoundland,18.1,15.8,48.3,70.05223439420234,14.879138460373278,36.507200424754835,2
Middle East Technical University,29.9,17.3,60.0,61.52939841182807,24.817140663756366,23.045465077342204,3
University of Minho,23.9,20.1,51.6,62.77398645096204,15.93688005659654,29.700272749113577,2
Missouri University of Science and Technology,23.5,18.4,52.8,64.27677915702519,17.18489449865193,29.627075602886396,2
Montana State University,17.7,21.8,43.0,66.71762290632712,10.69875385138531,38.791148969948985,2
Monterrey Institute of Technology and Higher Education,23.9,12.7,75.8,71.15029655768676,40.65298898555568,22.39711905831825,3
National Central University,26.3,23.2,75.3,61.4910268819261,39.765825756233156,12.196549963058054,3
National Sun Yat-Sen University,26.1,33.0,44.3,52.87275816210515,16.074512680145443,33.16158388581858,2
National Taiwan Normal University,26.2,31.3,81.9,58.22559472405296,47.68284735901508,9.275693918410582,3
National Technical University of Athens,20.2,15.0,40.3,70.80408402560266,8.084894152659745,42.62002895398364,2
New Jersey Institute of Technology,18.9,16.6,32.2,72.69516980030353,7.742352209323463,49.518535787691874,2
New Mexico State University,19.5,19.2,34.6,69.65592374159546,5.7981724757032085,46.364792452350244,2
University of North Carolina at Greensboro,18.2,15.3,28.9,75.22166841437347,10.604893272586928,53.1133795786017,2
Oklahoma State University,27.5,22.7,33.7,62.7186488782582,4.490569486647904,44.50217865538091,2
Osaka City University,26.3,13.4,40.7,68.57671020233094,7.896166480238618,41.47810820940362,2
Otto von Guericke University of Magdeburg,22.9,14.4,37.7,70.37264238773696,5.866757775214972,44.36663387470067,2
University of Oviedo,19.5,10.8,34.1,76.10260275463581,10.46229905393168,49.918021475599396,2
Palacký University in Olomouc,19.2,11.8,28.7,77.29748823990711,11.976902655544775,54.27109367590765,2
Panjab University,24.6,8.8,28.1,77.00616468206913,13.098993591792913,54.87818072686314,2
Paris Dauphine University,21.9,11.1,30.6,75.68678244975253,10.32019225405063,52.21314842104814,2
Pontifical Catholic University of Rio de Janeiro (PUC-Rio),24.5,24.1,100.0,73.17992269597543,64.44404351240651,26.61190727436033,3
Portland State University,16.8,14.4,44.6,72.47522801723623,13.20178053090594,40.59101133713889,2
University of Pretoria,25.6,21.2,52.4,60.81149523945961,16.76981162195272,28.029851439886535,2
Pusan National University,27.5,24.7,66.8,57.594715089762076,31.599628781059085,14.144392210391029,3
University of Regina,15.6,15.8,34.4,74.58598580537783,10.333589771336747,48.95367100714144,2
University of Rennes 1,17.8,10.3,31.7,78.18728289351706,12.41494483838142,52.676508024621675,2
University of Salamanca,26.1,16.9,31.6,68.64150893183759,4.929663460702025,48.32745536558362,2
University of Santiago de Compostela,22.9,14.1,32.3,72.2553770976519,6.737933231261854,49.282268405071555,2
Semmelweis University,19.6,10.6,30.7,77.28188117584934,11.595786544968128,52.89942289016466,2
University of Seville,21.5,14.9,36.7,71.05227670911027,5.919899856789194,45.39858434611145,2
Université de Sherbrooke,25.6,9.5,29.6,75.41477916903449,11.6784830543682,53.08595456184344,2
Soochow University,19.2,13.7,75.3,72.88714581836757,40.42926080012256,24.02251986430651,3
South China University of Technology,19.5,22.1,86.8,70.54325427950683,51.45551601960986,20.491562343990978,3
Tallinn University of Technology,16.3,15.0,44.8,72.30184221023526,13.447275984690327,40.37562220001575,2
Tehran University of Medical Sciences,51.8,20.0,30.0,57.312913042800304,27.232966145531154,51.627397061033996,2
University of Texas at Arlington,20.1,10.1,33.4,76.52342818831728,10.87870776749155,50.66093075611067,2
Tokyo University of Agriculture and Technology,34.9,24.1,39.9,55.66165430965678,11.559260199757418,37.74075380365413,2
University of Toledo,31.6,13.4,32.9,68.28308899292301,9.250684924878316,47.868466941167675,2
Tongji University,28.9,29.2,63.5,52.75478053145013,29.672640578987874,14.395410067148834,3
University of Tulsa,29.7,12.9,71.7,67.01046493712863,36.83751340415899,20.91618674707242,3
United Arab Emirates University,18.8,14.8,30.1,74.79947169136297,9.689056773082678,52.03495030480559,2
University of Warsaw,26.1,15.8,28.5,70.67235363079858,8.141953751748394,51.57903659614583,2
University of Wisconsin-Milwaukee,17.3,13.8,29.0,76.79718086885349,11.795475764141374,53.80535063473977,2
Xi’an Jiaotong University,28.7,22.5,70.4,59.3534471467208,34.98389434992998,13.0351141679596,3
University of Zaragoza,20.1,12.7,36.7,73.55090361877504,8.49106119971577,46.69925585775466,2
University of A Coruña,18.3,10.0,38.2,76.29482921736577,11.934937606956051,47.238788768708915,2
Adam Mickiewicz University,20.0,11.0,28.7,77.45915986656918,12.139433897017343,54.380109870428576,2
Ajou University,19.5,11.9,45.7,72.606030494045,13.727690549349008,39.915860319870866,2
University of Alcalá,17.6,11.2,43.3,74.68335084219143,13.512458662313719,42.83106411500407,2
Alexandria University,20.3,8.2,29.7,79.0918293588605,13.650983833173271,54.63070613879695,2
Alexandru Ioan Cuza University,24.9,13.6,28.2,73.08331440777083,9.527782172039402,52.80863616136652,2
Aligarh Muslim University,28.3,10.0,29.6,73.73882109439604,11.672588268182679,52.5248221521261,2
American University of Sharjah,12.4,10.6,33.3,80.67388464740118,15.725773682212127,53.10920037370832,2
Anadolu University,12.2,22.6,100.0,81.06628480183407,65.64571968879396,33.36151222094168,3
Andhra University,34.8,6.9,31.3,73.00034742618118,16.40637255667017,52.21109270424951,2
University of Antioquia,18.1,21.1,43.6,66.83600772908592,10.71904410953256,38.31665503698867,2
Aristotle University of Thessaloniki,22.6,15.0,33.6,71.29810404215392,5.553931444063114,47.8421755037048,2
"Asia University, Taiwan",14.4,15.9,38.4,74.17808594987153,11.656491927591329,46.0030987028116,2
Athens University of Economics and Business,13.4,18.8,66.5,71.07754124138981,32.95588673855808,26.62987283667848,3
Auckland University of Technology,17.3,9.8,28.5,79.92632376362153,14.393408710740218,55.778615123319796,2
Austral University of Chile,16.7,9.7,41.1,76.81308875355312,13.982800813424921,45.63675964615988,2
Belarusian State University,20.2,8.7,28.0,79.35833935729738,14.13299923250071,55.90271491354484,2
University of Belgrade,20.4,13.2,45.6,71.06030275728928,12.6155818978795,39.01321686634706,2
"Birla Institute of Technology and Science, Pilani",18.3,8.3,29.6,80.12560246342169,14.45194071337094,55.193921913436725,2
University of Bradford,18.7,15.9,32.7,73.15925853837862,7.979557254167184,49.3672201323303,2
University of Brighton,16.7,10.7,29.4,79.28098194294222,13.720757583799328,54.816024771430726,2
University of Bucharest,34.3,11.5,29.5,69.97152261709905,13.595901869598324,51.708860705355036,2
Budapest University of Technology and Economics,17.1,13.7,39.7,73.80218105965726,10.674988770700569,44.73761920064709,2
Cairo University,18.9,11.1,30.3,77.42639568286477,11.763016094851944,53.22947994020859,2
Capital Medical University,26.3,14.9,28.8,71.14041012855364,8.354590874087583,51.5766712398789,2
University of Castilla-La Mancha,18.4,10.3,29.7,78.5158390988939,12.87428699371207,54.21921192817613,2
University of Central Lancashire,15.7,9.4,28.9,80.99291283292898,15.401197387900687,56.09286989648138,2
University of Cergy-Pontoise,18.7,6.3,28.6,81.79088455709666,16.28801275826974,56.84568957796147,2
Chang Gung University,19.3,24.7,31.9,66.87340675913012,8.77568517050654,47.6396759003486,2
Carlos III University of Madrid,23.2,17.4,34.8,68.74439737263167,2.9871520822141164,45.763750589723344,2
Chiang Mai University,17.8,9.4,32.3,78.68321112089264,12.919145361768905,52.56143546049739,2
Chiba University,26.9,16.8,55.3,63.504925349300784,19.82192627680166,27.503082276448083,2
Chonbuk National University,19.7,14.7,33.3,73.26747828979488,7.638795534663531,48.96977504582192,2
Chonnam National University,17.5,11.7,31.4,77.40174573235053,11.728056460109084,52.44290420420799,2
Chulalongkorn University,23.8,14.1,37.8,70.0846098053779,5.885063720825255,44.195653145160016,2
Chung Yuan Christian University,15.9,22.1,41.9,67.95213057472415,11.461429213390337,40.42241834768723,2
Clemson University,21.4,19.7,35.8,67.76055647277244,3.792609857088905,44.573628408733846,2
Comenius University in Bratislava,23.0,10.3,28.0,76.67011796915013,12.161272100431669,54.61623738923179,2
Coventry University,17.1,7.7,29.1,81.41356567643001,15.71350066672927,56.22901104281683,2
Dalian University of Technology,22.6,19.0,93.3,73.87796189976845,57.63066721857385,24.352167320868908,3
University of Delhi,29.8,10.8,28.2,72.94835193233882,12.349940335087675,53.31681391283785,2
Dublin Institute of Technology,16.1,8.8,28.1,81.49050873261119,15.929085657060414,56.90042225874591,2
Ehime University,19.2,11.3,37.8,74.86344517278334,10.305991566931363,46.66736564438314,2
University of Electronic Science and Technology of China,20.5,12.9,28.0,76.0182278490298,11.150388086759708,54.147194256177116,2
Erciyes University,15.5,10.9,30.3,79.52362383870305,14.000796703456066,54.350296410325626,2
Federal University of Minas Gerais,27.9,15.4,30.7,69.221195141902,6.995239574709053,49.43185036999288,2
Federal University of Santa Catarina,26.0,12.2,42.9,69.24398630932369,10.217604664677717,40.248846975450356,2
Federal University of Viçosa,39.7,14.5,59.0,59.539128585971866,27.868122749773903,26.130421774485015,3
Feng Chia University,14.6,13.7,33.9,76.87770370369287,12.173429829000193,50.51747018571228,2
Florida Institute of Technology,20.4,13.5,33.4,73.74058732013908,7.96789770275649,49.14625543817107,2
Fu Jen Catholic University,14.4,9.8,47.0,77.15154466908024,18.332519812902984,42.15867005292028,2
Gdańsk University of Technology,15.5,9.5,36.8,78.66516123299459,13.91214038930919,49.57659970599813,2
Gifu University,25.4,16.9,32.8,68.58290911836808,3.877862961995941,47.32926799327393,2
Glasgow Caledonian University,17.1,10.4,29.9,79.10471252473056,13.449301788119584,54.386008357623005,2
University of Greenwich,15.7,9.5,30.0,80.54611416744874,14.879078145206591,55.118233669569065,2
Hacettepe University,21.0,11.8,28.2,76.49724383730829,11.507741754893473,54.26531783644369,2
University of Huddersfield,17.4,5.4,28.0,83.38682613300452,17.810291866381483,58.12514450385442,2
Hunan University,18.3,15.0,46.7,70.75430338314922,13.688670552464167,38.04744379257975,2
University of Ibadan,22.7,11.1,29.2,75.76281553848867,10.872680055044853,53.28032763115151,2
University of Indonesia,18.1,8.0,40.0,77.57054310805162,14.110313278242225,46.884030858277164,2
Inha University,20.7,20.0,64.7,65.1247616484302,29.32136922019317,21.774473193471795,3
I-Shou University,12.8,11.5,41.0,77.85115239456917,15.621512964686389,46.44477781793043,2
Istanbul University,26.0,23.3,100.0,72.92467479682496,64.39261551034507,26.412932744899038,3
Jagiellonian University,24.0,14.4,28.0,73.01759072763532,9.298226131161138,52.863438123722375,2
Jilin University,28.2,14.4,42.1,66.45019514784384,8.661450636869445,39.492932999807614,2
University of Jordan,19.0,7.7,28.8,80.48141296459009,14.962552993797225,55.95550925678857,2
Jordan University of Science and Technology,16.4,6.2,31.4,82.20462494834078,16.460974328783635,55.225780157136114,2
Juntendo University,32.3,10.5,51.1,66.45533332060562,19.149852172955214,33.928103415483434,2
K.N. Toosi University of Technology,20.9,18.1,45.5,66.94498371666904,10.751279023409213,36.697224356152766,2
Kaohsiung Medical University,20.6,22.2,33.2,67.30541700396851,5.920686662349971,46.5448025650145,2
Khon Kaen University,18.2,7.4,35.7,79.02872743811413,13.911550594935061,50.5802938632988,2
King Mongkut’s University of Technology Thonburi,18.2,11.4,70.3,74.17384335192676,36.17232321058691,27.171017672728805,3
Kingston University,16.9,12.1,28.5,78.45056459828022,13.214302040477827,54.98866194146277,2
Kobe University,27.8,15.4,45.1,65.22597606213968,10.532288602355242,36.47414377795181,2
Konkuk University,20.0,19.6,36.0,68.62369801433346,5.192277364407885,44.82658248927787,2
Kumamoto University,23.4,11.6,43.1,71.08612120489916,10.902087573474725,40.965784023145424,2
Kyungpook National University,21.1,16.0,34.9,70.9757153548049,5.397597657130331,46.68487558920066,2
Kyushu Institute of Technology,19.4,12.5,44.1,72.45237822104478,12.31135952235867,40.89923273618681,2
University of Latvia,22.6,10.2,28.3,76.84061427039472,12.12813535980968,54.470780966950656,2
Lille 1 University – Science and Technology,20.0,8.6,31.8,78.24577513676246,12.634551079523138,52.73063324912017,2
University of Lincoln,17.9,11.9,29.3,77.73923666408257,12.292256639395854,54.06749192308829,2
University of Ljubljana,24.9,13.6,32.3,71.57897568761189,6.771417477625597,49.07906826858551,2
University of Marrakech Cadi Ayyad,17.4,6.3,29.2,82.28587547481287,16.602686188487294,56.69880442825896,2
Miami University,19.2,15.7,30.2,73.87342154719884,8.96035669447318,51.52621822271356,2
University of Murcia,19.3,11.7,29.5,77.02977675857359,11.540797227193574,53.57897370791977,2
University of Nairobi,13.7,9.0,28.0,82.75877998195837,17.332470411159754,57.68683059064658,2
National Chengchi University,18.4,12.5,31.3,76.31872373024221,10.661753706224426,51.940860757081715,2
National Chung Hsing University,20.2,16.8,42.5,68.93619540993083,8.80922451391919,40.00759068580422,2
National Taipei University of Technology,17.8,14.6,81.3,74.78708413395204,46.4174734151487,24.623961107648817,3
National Taiwan Ocean University,18.1,21.0,49.3,66.02192681775273,15.388161471069616,33.56958910208538,2
National University of Córdoba,16.0,9.0,28.6,81.22319317710505,15.619555482141974,56.42124089023528,2
National University of Science and Technology (MISiS),24.8,17.5,67.2,64.94702940056315,31.532736357278935,20.05162359459074,3
National University of Sciences and Technology,21.4,7.0,31.3,78.92593753582798,13.728912368692331,53.56742426244216,2
Niigata University,21.9,10.1,33.0,75.67386508480504,10.262184783789221,50.5540779162703,2
Northumbria University,17.7,10.9,29.1,78.66740726188331,13.142626568453935,54.694497467511184,2
Northwestern Polytechnical University,23.4,15.4,28.0,72.58323930466051,8.89783421011272,52.63629765666811,2
Nottingham Trent University,16.5,8.9,28.4,81.084789039004,15.492773356640326,56.47987364803202,2
Oakland University,18.1,11.9,30.3,77.2770793275949,11.677709087320494,53.136172180204404,2
Ocean University of China,18.9,10.7,50.1,73.38169563633453,17.95138022329342,37.54795917768069,2
Ohio University,25.0,14.9,30.1,71.30778106213799,7.229013287982797,50.58040589626575,2
Okayama University,24.3,14.9,48.0,67.09881134103122,13.111117835471141,35.02857428138566,2
Osaka Prefecture University,21.6,10.2,41.5,73.53043137913028,11.46189714267601,43.468540108330245,2
University of Pardubice,15.9,11.9,28.3,79.24899605007981,14.074344749450258,55.55054069711749,2
University of Paris North – Paris 13,17.5,11.6,28.0,78.65637790150345,13.420130966913597,55.43787227927508,2
Paris-Sorbonne University – Paris 4,31.1,21.3,28.5,64.01156899582301,9.526894039555039,49.52407923014781,2
University of Patras,18.5,12.1,48.3,72.69120694909839,16.01410438022486,38.2145994193207,2
Polytechnic University of Valencia,20.3,12.7,43.8,71.81988432588929,11.589025561267508,40.735709803851336,2
Pontifical Catholic University of Paraná,18.4,6.5,28.0,82.0050160176437,16.52212323506741,57.339863141408344,2
Pontifical Catholic University of Rio Grande do Sul (PUCRS),21.1,10.9,52.3,71.77229724659787,19.08060053768002,35.06084945255465,2
Pontifical Catholic University of Valparaíso,18.4,8.0,44.3,76.58294189572112,15.816553882169618,43.50495137296823,2
Prince of Songkla University,15.3,7.0,31.6,82.14968267070404,16.409508415889988,55.03638440867226,2
Qatar University,9.9,10.3,55.2,79.05437126376644,26.383294875781644,39.11482594591399,2
Rio de Janeiro State University (UERJ),21.7,9.1,30.8,77.27989733153164,11.96565422286134,52.94897174430438,2
Rochester Institute of Technology,17.4,13.4,30.4,76.53621791056831,11.196061607145328,52.68644053441598,2
Saitama University,18.6,9.6,29.6,78.96965332347548,13.325359819322422,54.54458707469985,2
University of Salford,20.8,12.1,28.8,76.15639900812882,10.9989607414217,53.66166485905753,2
"University of Santiago, Chile (USACH)",17.6,11.3,31.0,77.7756830180325,12.082619810864676,52.91910298399809,2
São Paulo State University (UNESP),28.0,22.6,40.1,60.44855625454439,6.089331482532122,38.32154670824858,2
Savitribai Phule Pune University,38.3,12.4,29.3,67.79626727831906,16.212716617716474,51.73287207592082,2
University of Science and Technology Beijing,25.1,22.4,89.7,68.43971493047619,54.05274925009736,18.817099627965536,3
Sejong University,18.9,12.2,35.4,74.9879010418108,9.585579480267857,48.3795309628623,2
University of Seoul,22.8,17.5,28.9,70.99980401470336,7.486186752425473,51.26112939213221,2
Shahid Beheshti University,20.5,19.0,58.9,65.57381475996712,23.64349444771284,26.031183178411922,2
Shanghai University,19.1,16.1,45.7,69.56229765083697,12.145964147964674,38.03178078291741,2
Shantou University,17.6,9.1,30.7,79.53593187536633,13.767315460835968,54.10669549758173,2
Sheffield Hallam University,17.3,9.4,28.6,80.19081311145115,14.615069519145473,55.859156693929066,2
Sichuan University,25.0,18.4,90.8,71.82340375360107,55.08112975729577,22.03291093647652,3
University of Silesia in Katowice,17.7,8.0,28.1,81.2021447666538,15.64875273552689,56.773128567110525,2
Slovak University of Technology in Bratislava,23.3,8.6,33.2,76.07254465077634,11.28169990630629,50.77289209550808,2
Sogang University,21.5,24.8,46.8,61.31603891281313,12.843039977079965,33.16396160774352,2
Sophia University,22.0,9.4,29.5,77.33725548394472,12.23000551215057,53.88044840097616,2
University of South Africa,18.4,11.3,28.8,78.08146194998382,12.654827488308836,54.597048297991506,2
Southern Federal University,21.9,8.2,39.5,75.42692546954926,12.294716075381402,46.05799542004057,2
University of Southern Mississippi,21.0,11.8,39.9,72.93649326396465,9.651068350049057,44.150455489046266,2
University of Southern Queensland,18.4,13.1,28.8,76.74690685815919,11.580522652829755,53.91195615247652,2
Sultan Qaboos University,21.3,10.6,37.6,74.28497878939419,9.827703766544845,46.559563379744844,2
Suranaree University of Technology,21.1,11.6,38.1,73.47591279111634,9.14512857796844,45.72232756989493,2
University of Szeged,20.0,10.5,33.2,76.32964969877915,10.63195677722136,50.68062725686723,2
Taipei Medical University,25.7,21.7,42.2,61.936810990463954,6.876502213369923,37.01637847555878,2
Taras Shevchenko National University of Kyiv,27.9,11.0,28.0,73.72946151591977,11.756831102056223,53.58662679943669,2
Technical University of Madrid,21.8,14.6,38.3,70.67745845728827,6.434499080501669,44.040909196487064,2
Tokai University,17.9,7.6,34.4,79.39577088980577,13.957178122816206,51.62936339269253,2
Tokushima University,25.3,21.6,59.6,60.58170029877128,23.969665672138003,22.020873462204136,3
Tokyo University of Marine Science and Technology,27.9,12.4,57.9,66.68089718685826,23.41789349369269,28.294330957538165,2
Tokyo University of Science,23.0,24.1,37.6,63.02043272789092,5.481986877618246,41.354737037560895,2
Tomsk State University,34.8,20.8,44.0,57.3861187741218,12.758503139028567,34.76642454216154,2
Tottori University,24.3,10.1,34.5,73.95899548736301,9.454099673644198,48.750050878240074,2
Toyohashi University of Technology,22.0,18.9,50.3,64.99985265233364,14.924141537763534,31.96028057926075,2
Universiti Kebangsaan Malaysia,24.3,15.9,28.4,71.57201025578364,8.183376455464389,51.93296941715202,2
Universiti Putra Malaysia,25.3,20.9,34.2,65.11679128670028,2.122599347410318,44.8270765716919,2
Universiti Sains Malaysia,26.9,16.6,34.4,67.47659479275079,3.568954543929554,45.71277535876996,2
Universiti Teknologi MARA,15.2,7.7,28.3,82.75231515856333,17.102154129023447,57.48751859285917,2
Ural Federal University,24.8,10.6,35.6,72.97432046435733,8.841481522403031,47.471893999399846,2
V.N. Karazin Kharkiv National University,21.7,8.9,28.8,78.13051716387754,13.079188490857145,54.77497517183773,2
University of Vigo,18.4,10.5,38.1,75.87173784658704,11.463408927057536,47.048192564581676,2
Vilnius University,18.3,13.6,41.0,72.85950667068067,10.44839171969005,43.27580858608126,2
Warsaw University of Technology,19.4,8.5,47.4,75.16155773058283,17.00492012129156,40.5954793309856,2
Waseda University,23.6,14.6,32.4,71.45790825411837,6.077519227072718,48.85528419694567,2
University of West Bohemia,16.3,9.7,32.1,79.37368992338706,13.66689182891012,53.06855155678077,2
University of the West of England,16.9,11.2,28.5,79.11254375738933,13.734112834109578,55.334548660360554,2
University of Westminster,17.3,11.7,28.5,78.51497287337625,13.197636435241181,55.02068077080514,2
Xidian University,17.9,12.1,83.7,77.38791974160773,49.07166398001401,27.00075817662318,3
Yeungnam University,18.6,10.9,35.4,76.15872456096409,10.78131300171311,49.03973953054388,2
Yıldız Technical University,14.5,7.6,44.0,79.23697415815893,17.95911550436233,45.4567834798581,2
Yokohama National University,20.1,16.0,40.4,70.07238771102266,7.709196458834621,42.15707200328618,2
Yuan Ze University,16.2,18.3,39.8,70.93788561769671,9.926794042158718,43.23960865835042,2
